<?xml version="1.0" encoding="utf-8" ?><dwsync><file name="bg_tms.jpg" server="184.168.191.1//ektoob/" local="3454782389" remote="318763443847698732" Dst="-1" /><file name="css_page.css" server="184.168.191.1//ektoob/" local="3454782389" remote="318763443847698732" Dst="-1" /><file name="shad_bg.jpg" server="184.168.191.1//ektoob/" local="3454782389" remote="318763443847698732" Dst="-1" /><file name="Thumbs.db" server="184.168.191.1//ektoob/" local="3454782389" remote="318763443847698792" Dst="-1" /><file name="bg_tms.jpg" server="184.168.191.1//alphard/" local="3454782389" remote="318763443847699572" Dst="-1" /><file name="css_page.css" server="184.168.191.1//alphard/" local="3454782389" remote="318763443847699572" Dst="-1" /><file name="shad_bg.jpg" server="184.168.191.1//alphard/" local="3454782389" remote="318763443847699572" Dst="-1" /><file name="Thumbs.db" server="184.168.191.1//alphard/" local="3454782389" remote="318763443847699572" Dst="-1" /></dwsync>