<?xml version="1.0" encoding="utf-8" ?><dwsync><file name="ddsmoothmenu.js" server="184.168.191.1//ektoob/" local="3454781856" remote="318763443847698732" Dst="-1" /><file name="piroBox.1_2.js" server="184.168.191.1//ektoob/" local="3454781856" remote="318763443847698732" Dst="-1" /><file name="jquery.min.js" server="184.168.191.1//ektoob/" local="3454781856" remote="318763443847698732" Dst="-1" /><file name="swfobject.js" server="184.168.191.1//ektoob/" local="3454781856" remote="318763443847698732" Dst="-1" /><file name="ddsmoothmenu.js" server="184.168.191.1//alphard/" local="3454781856" remote="318763443847699512" Dst="-1" /><file name="piroBox.1_2.js" server="184.168.191.1//alphard/" local="3454781856" remote="318763443847699512" Dst="-1" /><file name="jquery.min.js" server="184.168.191.1//alphard/" local="3454781856" remote="318763443847699512" Dst="-1" /><file name="swfobject.js" server="184.168.191.1//alphard/" local="3454781856" remote="318763443847699512" Dst="-1" /></dwsync>