<?xml version="1.0" encoding="utf-8" ?><dwsync><file name=".DS_Store" server="184.168.191.1//ektoob/" local="3454712757" remote="318763443847698612" Dst="-1" /><file name=".htaccess" server="184.168.191.1//ektoob/" local="3454770768" remote="318763443847698732" Dst="-1" /><file name="index.php" server="184.168.191.1//ektoob/" local="3454786334" remote="318763443847698732" Dst="-1" /><file name="README.txt" server="184.168.191.1//ektoob/" local="3454333799" remote="318763443847698732" Dst="-1" /><file name=".DS_Store" server="184.168.191.1//alphard/" local="3454864446" remote="318763443847699392" Dst="-1" /><file name=".htaccess" server="184.168.191.1//alphard/" local="3454864494" remote="318763443847749612" Dst="-1" /><file name="index.php" server="184.168.191.1//alphard/" local="3454848794" remote="318763443847734672" Dst="-1" /><file name="README.txt" server="184.168.191.1//alphard/" local="3454333799" remote="318763443847699572" Dst="-1" /></dwsync>